"id";"city";"name";"longitude";"latitude";"download_speed";"speed_test_link";"price_indication";"bathroom";"commit_user_name";"commit_message";"commit_date";"commit_user_id"
1;"北京";"奇遇花园";116.342;39.941;"22 Mbps";"http://www.speedtest.net/my-result/4629928302";"30-40 元";False;"xhacker";"有电源，网速快，环境不错，咖啡也不错。";"2017-03-20";1
2;"北京";"May Café";116.328977;40.03278;"41 Mbps";"http://www.speedtest.net/my-result/4850194225";"25-40 元";False;"mckelvin";"有电源，网速快，环境不错，人不多。";"2017-03-20";1
3;"北京";"Esquires Café";116.418826;39.915424;"3.18 Mbps";"http://www.speedtest.net/my-result/4891431411";"30 元";False;"crispgm";"有电源，网速快，可看王府井街景。";"2017-03-20";1
4;"北京";"Starbucks 星巴克 (四元桥店)";116.4509423;39.978085;"13 Mbps";"http://www.speedtest.net/my-result/5106521098";"30 元";False;"tianyuf";"有电源，网速快，服务好。";"2017-03-20";1
5;"北京";"雕刻时光 Sculpting In Time";116.472347;39.997405;"3.03 Mbps";"http://www.speedtest.net/my-result/5115403108";"40 元";False;"tianyuf";"环境好，服务好。";"2017-03-20";1
6;"北京";"Meet Café";116.454031;39.897631;"28.91 Mbps";"http://www.speedtest.net/my-result/i/1674659148";"30 元";False;"crispgm";"环境好，手机测网速快，Brunch 好吃。";"2017-03-20";1
7;"北京";"Gloria Jean's Coffees（通盈三里屯店）";116.44902;39.930947;"22.49 Mbps";"http://www.speedtest.net/my-result/i/1711955836";"34 元";False;"crispgm";"电源充足，人不多，手机测网速快。";"2017-03-20";1
8;"北京";"漫咖啡 MAAN COFFEE";116.351184;39.962148;"3.51 Mbps";"http://www.speedtest.net/my-result/5539012756";"30 元";False;"beta";"电源充足，环境不错，人不多。";"2017-03-20";1
9;"北京";"极客咖啡";116.30051;39.981467;"9.40 Mbps";"http://www.speedtest.net/my-result/5598700538";"";False;"xhacker";"拿铁一般，环境一般，人少，网速快，有电源。";"2017-03-20";1
10;"北京";"么么咖啡（紫竹店）";116.299232;39.942686;"2.13 Mbps";"http://www.speedtest.net/my-result/5599038063";"";False;"xhacker";"咖啡不错，环境不错，网速一般，有电源。";"2017-03-20";1
11;"北京";"Starbucks 星巴克（丰联店）";116.433;39.9222;"3.47 Mbps";"http://www.speedtest.net/my-result/i/1764988610";"";False;"crispgm";"场地大，光线好，网速一般，有少量电源。";"2017-03-20";1
12;"北京";"Costa Coffee（丰联广场店）";116.4328;39.9221;"4.34 Mbps";"http://www.speedtest.net/my-result/i/1766332176";"";False;"crispgm";"环境好，网速一般，有电源。";"2017-03-20";1
13;"北京";"星巴克（贵友店）";116.44545;39.9076;"5.01 Mbps";"http://www.speedtest.net/my-result/5608827828";"";False;"xhacker";"有少量电源。Wi-Fi 似乎限速 5 M。";"2017-03-20";1
14;"北京";"Costa Coffee（颐堤港店）";116.485261;39.967948;"1.41 Mbps";"http://www.speedtest.net/my-result/i/1768641381";"";False;"xhacker";"网速很慢，地方挺大的，有少量电源。";"2017-03-20";1
15;"北京";"J Coffee（SOHO 尚都店）";116.448;39.9178;"30.68 Mbps";"http://www.speedtest.net/my-result/i/1769675242";"";False;"imty42";"日式风格矮桌椅，挺安静的。大叔老板拉花不错。有电源。";"2017-03-20";1
16;"北京";"Carlly Cafe 车里咖啡";116.252428;39.906934;"20.88 Mbps";"http://www.speedtest.net/my-result/i/1772238471";"";False;"xhacker";"很安静、很舒服，咖啡好喝。网速不错，有少量电源。晚上还有人弹琴。🎸";"2017-03-20";1
17;"北京";"Coffee Holic（朝外 SOHO 店）";116.449;39.9187;"4.40 Mbps";"http://www.speedtest.net/my-result/i/1770959453";"";False;"imty42";"网速不快，咖啡有特点，好喝。老板年轻人，乐于分享咖啡知识。有电源。";"2017-03-20";1
18;"北京";"咖啡陪你（王府井店）";116.404674;39.914507;"4.63 Mbps";"http://www.speedtest.net/my-result/i/1773643866";"";False;"xhacker";"有一点喧闹，靠窗的位子能看到王府井街景。拿铁不错。网速凑合，没看到电源。";"2017-03-20";1
19;"北京";"星巴克（北京新东安店）";116.405704;39.913773;"4.99 Mbps";"http://www.speedtest.net/my-result/i/1773871904";"";False;"xhacker";"有一点喧闹，在 APM 地下一层。网速凑合，有少量电源。";"2017-03-20";1
20;"北京";"星巴克（龙旗广场店）";116.341;40.0649;"12.25 Mbps";"http://www.speedtest.net/my-result/i/1774642514";"";False;"imty42";"有一点喧闹，可能是因为接近中午的缘故。大桌和沙发桌有电源。";"2017-03-20";1
21;"北京";"星巴克（北京西四环南路咖啡店）";116.279823;39.836602;"8.54 Mbps";"http://www.speedtest.net/my-result/i/1774834286";"";False;"xhacker";"人不太多，靠边的位置有电源。";"2017-03-20";1
22;"北京";"漫咖啡（悠唐店）";116.433;39.9201;"1.55 Mbps";"http://www.speedtest.net/my-result/i/1774857512";"";False;"crispgm";"人比较多，但环境好，电源充足。";"2017-03-20";1
23;"北京";"星巴克（嘉里店 BJ Kerry Center）";116.454;39.9121;"5.95 Mbps";"http://www.speedtest.net/my-result/i/1777083259";"";False;"imty42";"有两层，二层可以点手冲，人多网慢小圆桌有沿不适合放电脑，木质大圆桌还不错，一楼有电源。";"2017-03-20";1
24;"北京";"星巴克（丰北路店）";116.287783;39.865187;"19.87 Mbps";"http://www.speedtest.net/my-result/i/1778287600";"";False;"xhacker";"地方不大，人也不太多。有少量电源。";"2017-03-20";1
25;"北京";"迪欧咖啡（石景山店）";116.243032;39.896685;"27.44 Mbps";"http://www.speedtest.net/my-result/i/1778571350";"";False;"csvenja";"地方挺大，人不多，有电源。";"2017-03-20";1
26;"北京";"Gloria Jean's Coffees（Naga上院店）";116.422;39.9399;"9.06 Mbps";"http://www.speedtest.net/my-result/i/1779843014";"34 元";False;"crispgm";"场地大，人不多，光线好，网速较快。";"2017-03-20";1
27;"北京";"星巴克（北京南站第一咖啡店）";116.371979;39.862958;"3.74 Mbps";"http://www.speedtest.net/my-result/i/1779876236";"";False;"xhacker";"在南站里，二层人不多。有少量电源。";"2017-03-20";1
28;"北京";"星巴克（三里屯店）";116.448;39.9332;"2.23 Mbps";"http://www.speedtest.net/my-result/i/1781079455";"";False;"xhacker";"有两层，有少量电源。";"2017-03-20";1
29;"北京";"香咖啡";116.456;39.9323;"8.86 Mbps";"http://www.speedtest.net/my-result/i/1781257065";"";False;"xhacker";"环境很好，很幽静，咖啡不错。网速实际感觉较慢，有电源。";"2017-03-20";1
30;"北京";"Costa Coffee（京汇店）";116.456899;39.905416;"5.62 Mbps";"http://www.speedtest.net/my-result/i/1782497468";"";False;"xhacker";"Wi-Fi 信號奇差，基本連不上。";"2017-03-20";1
31;"北京";"星巴克（北京大成路店）";116.259;39.8879;"8.86 Mbps";"http://www.speedtest.net/my-result/i/1790507938";"";False;"xhacker";"地下地方比较大，靠墙有一些电源。";"2017-03-20";1
32;"北京";"星巴克（北京羊坊路咖啡店）";116.315;39.8979;"0.85 Mbps";"http://www.speedtest.net/my-result/i/1795487239";"";False;"xhacker";"网速感人（贬义的）。";"2017-03-20";1
33;"北京";"Costa Coffee（金隅万科店）";116.2402214945;40.2124291871;"11.12 Mbps";"http://www.speedtest.net/my-result/5682421414";"";False;"cscmaker";"厅内右侧尽头有一个黑色皮沙发，非常舒服，店内插座较少。";"2017-03-20";1
34;"北京";"Coffee Craft (CC咖啡馆)";116.343;39.9432;"7.10 Mbps";"http://www.speedtest.net/my-result/i/1828821698";"卡布奇诺：30 元，手冲咖啡：40 元";False;"crispgm";"空间很大，但位置不多，风格现代艺术感。手冲咖啡味道不错，插座不多但有插线板。";"2017-03-20";1
35;"北京";"Costa Coffee（IFC 大厦店）";116.447;39.9064;"0.46 Mbps";"http://www.speedtest.net/my-result/i/1831357023";"";False;"xhacker";"环境不错，网速慢。";"2017-03-20";1
36;"北京";"Costa Coffee（中环世贸店）";116.451;39.9056;"3.90 Mbps";"http://www.speedtest.net/my-result/i/1861251511";"";False;"xhacker";"中环世贸中心D座1层。地方不大，有少量电源。网速由 ZHSM-D 测出，Costa 自己的 Wi-Fi 非常慢。";"2017-03-20";1
37;"北京";"星巴克（颐堤港中心咖啡店）";116.486;39.9694;"5.06 Mbps";"http://www.speedtest.net/my-result/i/1876256024";"";False;"xhacker";"有少量电源。";"2017-03-20";1
38;"北京";"Costa Coffee（英特宜家店）";116.322;39.7886;"13.32 Mbps";"http://www.speedtest.net/my-result/i/1877225008";"";False;"xhacker";"在荟萃一层，店挺大的，人不太多，边上有少量电源。";"2017-03-20";1
39;"北京";"Costa Coffee（首地大峡谷店）";116.361;39.8534;"2.56 Mbps";"http://www.speedtest.net/my-result/i/1878448433";"";False;"xhacker";"首地大峡谷一层 F1-05，店挺大的，人不太多，边上有少量电源。";"2017-03-20";1
40;"北京";"星巴克（英蓝国际店）";116.352;39.9191;"0.77 Mbps";"http://www.speedtest.net/my-result/i/1879679355";"";False;"xhacker";"地方大，环境不错，有少量电源，可惜网速渣。";"2017-03-20";1
41;"北京";"雕刻时光（腾讯店）";116.330911;39.975566;"50.67 Mbps";"http://beta.speedtest.net/result/5847282428";"";False;"xohozu";"环境不错，网速挺好，电源量还好。因在腾讯大楼里，出入不是方便。";"2017-03-20";1
42;"北京";"星巴克（银座百货店）";116.43;39.9386;"2.33 Mbps";"http://www.speedtest.net/my-result/i/1879845515";"";False;"Cee";"环境不错，座位多，非常温暖。";"2017-03-20";1
43;"北京";"星巴克（欣宁大街店）";116.322;39.7867;"8.38 Mbps";"http://www.speedtest.net/my-result/i/1884566518";"";False;"xhacker";"地方很开阔，有一些电源。";"2017-03-20";1
44;"北京";"星巴克（丰葆路店）";116.286;39.8166;"12.11 Mbps";"http://www.speedtest.net/my-result/i/1892160727";"";False;"xhacker";"地方很开阔，有一些电源。";"2017-03-20";1
45;"北京";"Costa Coffee（三里屯太古里店）";116.448;39.9341;"5.42 Mbps";"http://www.speedtest.net/my-result/i/1908970377";"";False;"xhacker";"三里屯 Village 地下一层。";"2017-03-20";1
46;"北京";"星巴克（鲁谷远洋店）";116.246;39.9024;"1.96 Mbps";"http://www.speedtest.net/my-result/i/1914242475";"";False;"xhacker";"地方挺大，有一些电源。";"2017-03-20";1
47;"北京";"Costa Coffee（欧美汇店）";116.308;39.9783;"0.71 Mbps";"http://www.speedtest.net/my-result/i/1924488152";"";False;"xhacker";"人不太多，网速奇慢";"2017-03-20";1
48;"北京";"咖啡陪你（天桥店）";116.392;39.8843;"9.24 Mbps";"http://www.speedtest.net/my-result/i/1916773595";"";False;"xhacker";"在寒冷的晚上走进的咖啡店，吃的还不错。";"2017-03-20";1
49;"北京";"MANGOSIX Coffee & Dessert";116.447;39.9331;"21.73 Mbps";"http://www.speedtest.net/my-result/i/1924659288";"";False;"crispgm";"比较安静人少，可能天气不太好的缘故。网速很不错，有一些插线板。";"2017-03-20";1
50;"北京";"福楼咖啡 Cafe Flo";116.443;39.9181;"0.75 Mbps";"http://www.speedtest.net/my-result/i/1927287755";"";False;"xhacker";"侨福芳草地地下二层。环境不错。拿铁好喝。";"2017-03-20";1
51;"北京";"星巴克（北京 LG 大厦店）";116.443;39.9063;"9.60 Mbps";"http://www.speedtest.net/my-result/i/1928516069";"";False;"xhacker";"中午人有点多，有少量电源。";"2017-03-20";1
52;"北京";"星巴克（北京 SK 大厦店）";116.451;39.9063;"1.29 Mbps";"http://www.speedtest.net/my-result/i/1929928850";"";False;"xhacker";"在 SK 大厦二层，开放式布局，环境挺好的。";"2017-03-20";1
53;"北京";"星巴克（北京西小口路店）";116.351;40.0454;"8.08 Mbps";"http://www.speedtest.net/my-result/i/1934227111";"";False;"xhacker";"在东升科技园内。空间很大，人很少。有少量电源。";"2017-03-20";1
54;"北京";"星巴克（北京西单汉光百货商场店）";116.37;39.9076;"7.08 Mbps";"http://www.speedtest.net/my-result/i/1934686138";"";False;"xhacker";"人不太多，有电源。";"2017-03-20";1
55;"北京";"星巴克（北京五棵松第二咖啡店）";116.272;39.9118;"8.74 Mbps";"http://www.speedtest.net/my-result/i/1935870482";"";False;"xhacker";"在卓展五层，耀莱成龙外面。人挺多的，有点乱。沙发座有电源。";"2017-03-20";1
56;"北京";"Costa Coffee（中海广场店）";116.45;39.9092;"7.19 Mbps";"http://www.speedtest.net/my-result/i/1937074734";"";False;"xhacker";"环境好，有少量电源。在中海广场写字楼一层。";"2017-03-20";1
57;"北京";"太平洋咖啡（国贸店）";116.452;39.9108;"2.28 Mbps";"http://www.speedtest.net/my-result/i/1948933221";"";False;"xhacker";"地方很有意思，有各种座位和桌子。有一些电源，人不太多。在国贸商城地下一层，从 Zone 1 & 2 到 Zone 3 的路上。";"2017-03-20";1
58;"北京";"星巴克（北京万丰路咖啡店）";116.292;39.8814;"14.65 Mbps";"http://www.speedtest.net/my-result/i/1953036805";"";False;"xhacker";"在银座和谐广场一层东北入口处。地方小，座位少。大年初一人不太多，平时不知道。";"2017-03-20";1
59;"北京";"星巴克（北京古北咖啡店）";117.262;40.6446;"2.60 Mbps";"http://www.speedtest.net/my-result/i/1954465963";"";False;"xhacker";"在古北水镇旅客服务中心内，比较乱，人多。";"2017-03-20";1
60;"北京";"星巴克（北京建外现代城店）";116.454;39.9039;"2.29 Mbps";"http://www.speedtest.net/my-result/i/1965150161";"";False;"xhacker";"地方非常大，有三层，但人也非常多。";"2017-03-20";1
61;"北京";"Cafe Flatwhite（华茂店）";116.474;39.9074;"4.91 Mbps";"http://www.speedtest.net/my-result/i/1972987326";"";False;"crispgm";"环境极好，插座充足。";"2017-03-20";1
62;"北京";"星巴克（北京什刹海天荷坊店）";116.386;39.9326;"1.13 Mbps";"http://www.speedtest.net/my-result/i/1998158513";"";False;"xhacker";"在荷花市场里，地方很小。";"2017-03-20";1
63;"北京";"Illy（侨福芳草地）";116.442;39.9182;"1.23 Mbps";"http://www.speedtest.net/my-result/i/2007239493";"";False;"xhacker";"在芳草地二层，地方大、采光好、很开阔。";"2017-03-20";1
64;"北京";"太平洋咖啡（银座和谐店）";116.29;39.8808;"2.27 Mbps";"http://www.speedtest.net/my-result/i/2011340641";"";False;"xhacker";"在银座和谐广场西南角。地方大、人不多。";"2017-03-20";1
65;"北京";"星巴克（北京丽泽桥恒泰咖啡店）";116.3;39.8653;"8.27 Mbps";"http://www.speedtest.net/my-result/i/2012460104";"";False;"xhacker";"人挺多的，基本没地方。靠边有少量电源。";"2017-03-20";1
66;"广州";"班克咖啡";113.320205;23.131245;"8.51 Mbps";"http://www.speedtest.net/my-result/5243998080";"30-50 元";False;"mshhmzh";"自家烘焙咖啡店，主打精品咖啡。网络一般，平时人比较少";"2017-03-20";1
67;"广州";"7-INN郁源咖啡";113.319998;23.13122;"39.73 Mbps";"http://www.speedtest.net/my-result/5563529474";"40-50 元";False;"mshhmzh";"自家烘焙咖啡店，主打精品咖啡。电信光纤，网速很快。很适合小团队外出办公";"2017-03-20";1
68;"杭州";"贝塔朋友@当堂咖啡馆";120.112044811249;30.2866977891212;"2.00 Mbps";"http://www.speedtest.net/my-result/5220542783";"27-45 元";False;"Du";"店比较空，唯一像互联网咖啡厅的地方是楼上有一些会议室状的房间。网速没有想象中的快，且并没有自带梯子。另外没有插座很怨念";"2017-03-20";1
131;"深圳";"蒙咖啡小馆 Mon Cafe";113.979;22.5428;"7.11 Mbps";"http://www.speedtest.net/my-result/i/1799531243";"38-50 元";False;"crispgm";"格调很好，比较安静，氛围更适合看书。价格稍贵。";"2017-03-20";1
69;"杭州";"芸台书舍";120.20397;30.241572;"1.48 Mbps";"http://www.speedtest.net/my-result/5257166271";"38 元";False;"Du";"座位有插座，WiFi速度还行，书店所在的娃哈哈未来城有点冷清，所以比起闹市区来这个店很安静，也不用怕来得晚没有座位。";"2017-03-20";1
70;"杭州";"薄荷咖啡";120.117011;30.282694;"34.53 Mbps";"http://www.speedtest.net/my-result/5259475408";"30 - 50 元";False;"61";"店隐蔽在树林里，比较难找，人比较少环境不错";"2017-03-20";1
71;"杭州";"Zoo Coffee";120.096551;30.274977;"14.37 Mbps";"http://www.speedtest.net/my-result/5260003831";"30 - 50 元";False;"61";"蘑菇街楼下，位置多";"2017-03-20";1
72;"杭州";"云门书屋";120.079322;30.312511;"9.78 Mbps";"http://www.speedtest.net/my-result/5267002745";"30 - 50 元";False;"61";"浙大紫金港校区边上，人比较少";"2017-03-20";1
73;"杭州";"青峰";120.211514;30.21258;"4.47 Mbps";"http://www.speedtest.net/my-result/5272283494";"30元";False;"Du";"靠墙座位有插座，有WiFi，服务态度不错，价格合适，环境安静，供应餐食可以顺便解决午饭";"2017-03-20";1
74;"杭州";"Teresa's";120.118611;30.272825;"7.0 Mbps";"http://www.speedtest.net/my-result/5276933310";"35 - 50 元";False;"61";"浙大玉泉校区北门附近，人比较少，沙发舒服";"2017-03-20";1
75;"杭州";"黑桃咖啡";120.10504;30.270423;"34.63 Mbps";"http://www.speedtest.net/my-result/5349797629";"35 - 50 元";False;"61";"西溪路上，店很大，装修很不错，桌子很大沙发很舒服";"2017-03-20";1
76;"杭州";"星巴克咖啡 (西溪天堂店)";120.086;30.267;"0.76 Mbps";"http://www.speedtest.net/my-result/5534420505";"≥ 36 ¥";False;"";"";"2017-03-20";1
77;"南京";"Costa Coffee（南京南站店）";118.782;31.973;"0.75 Mbps";"http://www.speedtest.net/my-result/4643048535";"25-30 元";False;"xhacker";"出北出站口就到。";"2017-03-20";1
78;"南京";"Starbucks（南京苏宁商贸店）";118.78;32.042;"5.0 Mbps";"http://www.speedtest.net/my-result/4643486860";"30-40 元";False;"xhacker";"人挺少的，网速还不错。";"2017-03-20";1
79;"南京";"The Cub";118.772;32.052;"13 Mbps";"http://www.speedtest.net/my-result/5220780633";"20-40 元";False;"61";"很简洁的咖啡馆，网速很快。";"2017-03-20";1
80;"上海";"猫的天空之城（新天地店）";121.470755338669;31.2195729716892;"2.2 Mbps";"http://www.speedtest.net/my-result/4638301580";"25-30 元";False;"xhacker";"共享新天地的免费 Wi-Fi，极慢。网速用 XTDStyle_free 测量。丝袜奶茶还不错。";"2017-03-20";1
81;"上海";"星巴克（800秀店）";121.43936;31.2357;"2.95 Mbps";"http://www.speedtest.net/my-result/4643633193";"33元";False;"aquarhead";"其实就在我司楼下. 速度还可以(虽然远远比不上我司就是了www)";"2017-03-20";1
82;"上海";"delimuses";121.43645;31.23558;"3.75 Mbps";"http://www.speedtest.net/my-result/4652272975";"50-70元";False;"aquarhead";"也在我司附近. 一般人不会太多所以网速蛮不错的. 有吃有喝只是价格略贵上菜也比较慢";"2017-03-20";1
83;"上海";"Starbucks (CITIC Square)";121.45072;31.22968;"1.00 Mbps";"http://www.speedtest.net/my-result/4657045711";"";False;"aquarhead";"地方蛮大的. 有一张长方桌所以感觉挺不错的";"2017-03-20";1
84;"上海";"Wine Connection";121.43556;31.22401;"3.61 Mbps";"http://www.speedtest.net/my-result/4659526554";"30 元";False;"aquarhead";"价位合理. 有早午餐正餐酒水齐全. 就在路边上但并不太吵";"2017-03-20";1
85;"上海";"Meo's Coffee";121.5057491;31.2352515;"16.00 Mbps";"http://www.speedtest.net/my-result/4659481377";"31 元";False;"ryaneof";"地理位置很好，顾客很少，比较安静，网速也不错。";"2017-03-20";1
86;"上海";"Starbucks (Baoshan Road)";121.4755588;31.2529614;"22.00 Mbps";"http://www.speedtest.net/my-result/4673146632";"30 元";False;"ryaneof";"宝山路地铁站 1 号口附近，平时顾客不多，星巴克门店中网速不错的一家店。";"2017-03-20";1
87;"上海";"Musk Cat Coffee";121.497739;31.235245;"78.00 Mbps";"http://www.speedtest.net/my-result/4678162578";"38 元";False;"ryaneof";"位于陆家嘴西路滨江大道，网速很赞，环境也很赞，周末人不多，坐在江边吹风感觉很好。";"2017-03-20";1
88;"上海";"SeeSaw Coffee";121.4473343;31.2226857;"11.00 Mbps";"http://www.speedtest.net/my-result/4684014931";"32 元";False;"ryaneof";"位于芮欧百货五层，店面不大，顾客不多，网速不错。";"2017-03-20";1
89;"上海";"Hunting the days (H Coffee)";121.447001;31.226006;"58.00 Mbps";"http://www.speedtest.net/my-result/4686820709";"28 元";False;"ryaneof";"位于晶品六层，环境有些嘈杂，咖啡非常难喝，但网速不错。";"2017-03-20";1
90;"上海";"Starbucks (Reel F3)";121.44766;31.223556;"18.00 Mbps";"http://www.speedtest.net/my-result/4692220583";"31 元";False;"ryaneof";"位于芮欧三层，网速不错，但毕竟是星巴克，比较嘈杂，网络在人多时状况不好。";"2017-03-20";1
91;"上海";"Starbucks（碧波路店）";121.580833333333;31.2066666666667;"5.08 Mbps";"";"35 元";False;"songzhou21";"网较差，经常断，人少（周末），但还是较嘈杂。";"2017-03-20";1
92;"上海";"湾里书香 | Harbook+";121.450364;31.224659;"30.00 Mbps";"http://www.speedtest.net/my-result/4873748282";"38 元";False;"ryaneof";"位于芮欧三层，网速一般，不太稳定，咖啡一般，有许多桌子和书，但是视觉很好，尤其靠窗座位。";"2017-03-20";1
93;"上海";"Starbucks（近铁城市广场店）";121.377178;31.235087;"22.00 Mbps";"http://www.speedtest.net/my-result/4861082276";"30 元";False;"ryaneof";"比较新的店，即使人很多的情况下，网络质量也不错。";"2017-03-20";1
94;"上海";"Gloria Jean's Coffees（月星环球港店）";121.407594680786;31.2343621785428;"10.00 Mbps";"http://www.speedtest.net/my-result/4891495073";"31 元";False;"ryaneof";"店面不大，咖啡很好，即使人很多的情况下，网络质量也不错。";"2017-03-20";1
95;"上海";"Costa Coffee（我格广场店）";121.4192355;31.239444;"6.00 Mbps";"http://www.speedtest.net/my-result/5087420287";"27 元";False;"xavierchow";"网络质量一般，平日人比较少，周末人太多太闹不建议去。";"2017-03-20";1
96;"上海";"咖咖奥咖啡厅（Kacao 田林店）";121.407905817032;31.1716756676629;"10.53 Mbps";"http://www.speedtest.net/my-result/5087420287";"32 元";False;"xavierchow";"环境相当不错，空间也很大，唯一不好的2楼不是禁烟的。";"2017-03-20";1
97;"上海";"Caffebene（悦达889店）";121.423516273499;31.231233885488;"56.33 Mbps";"http://www.speedtest.net/my-result/5104202266";"28 元";False;"xavierchow";"网速非常快，咖啡和点心不好吃，室内位置较少.室外空间挺大，就是冬天如果没太阳有点冷。";"2017-03-20";1
98;"上海";"HOLLYS COFFEE（仲盛世界商城）";121.38255;31.1084;"1.54 Mbps";"http://www.speedtest.net/my-result/5115524542";"30 元";False;"";"";"2017-03-20";1
99;"上海";"咖咖奥咖啡厅（Kacao 圣诺亚店）";121.371751;31.233513;"7.95 Mbps";"http://www.speedtest.net/my-result/5121292721";"32 元";False;"xavierchow";"Kacao的环境一如既往的好，店在汤连得温泉馆边上，不知道是不是新开的原因有点装修的油漆味:(";"2017-03-20";1
100;"上海";"Staytion Coffee & Bake";121.479386687279;31.2497452678272;"24.00 Mbps";"http://www.speedtest.net/my-result/4986683376";"31 元";False;"ryaneof";"位于中信广场，环境很好，网络不错，咖啡一般。";"2017-03-20";1
101;"上海";"Pacific Coffee (Global Harbor)";121.407508850098;31.2340135762335;"7.00 Mbps";"http://www.speedtest.net/my-result/5041676642";"30 元";False;"ryaneof";"位于环球港四层，太平洋咖啡大家都懂的，以难喝出名。正因为这样在周六高峰时间只有它家有座位。。";"2017-03-20";1
102;"上海";"CAFÉ & BAR PRONTO";121.464275121689;31.2086538963298;"18.00 Mbps";"http://www.speedtest.net/my-result/5138579056";"32 元";False;"ryaneof";"位于日月光一层，环境不错，店铺面积不小，顾客数量多，会比较吵，网络比较稳定，咖啡杯子很大，喜欢大杯拿铁可以考虑再加一份浓缩。";"2017-03-20";1
103;"上海";"Starbucks (Imago)";121.418731;31.239784;"15.86 Mbps";"http://www.speedtest.net/my-result/5206305714";"30 元";False;"xavierchow";"Starbucks的咖啡就不评论了.店内位置很少. 有部分座位在商场大厅环境较嘈杂";"2017-03-20";1
104;"上海";"Starbucks (美罗城)";121.434838;31.196132;"76.11 Mbps";"http://www.speedtest.net/my-result/5244519566";"27 元";False;"xavierchow";"至今为止我碰到的最好网速的星巴克，缺点就是环境比较闹，毕竟是黄金地段。";"2017-03-20";1
105;"上海";"Starbucks (中山万博国际中心)";121.418313;31.19911;"4.15 Mbps";"http://www.speedtest.net/my-result/5252949393";"27 元";False;"xavierchow";"网速很一般，非常奇怪大叔大妈好多-_-bb";"2017-03-20";1
106;"上海";"Costa Coffee (Global Harbor)";121.407852172852;31.2347474743354;"12.00 Mbps";"http://www.speedtest.net/my-result/i/1572918665";"34 元";False;"ryaneof";"位于环球港 B1 层，环境还好，客流量不大。他家咖啡一直不错。这家店网络质量最近变好了一点，并且才发现还有靠近商场停车场的露天座位。";"2017-03-20";1
107;"上海";"SeeSaw Coffee (淮海 755)";121.459704637527;31.220784085547;"19.00 Mbps";"http://www.speedtest.net/my-result/i/1593392666";"32 元";False;"ryaneof";"位于淮海中路，店面不大，周末人多，咖啡一如其他连锁店一样好喝。";"2017-03-20";1
108;"上海";"Costa Coffee（九六广场店）";121.520268917084;31.2293715386815;"2.00 Mbps";"www.speedtest.net/my-result/i/1617859652";"31 元";False;"ryaneof";"位于九六广场一层，座位比较多，周末环境嘈杂，网速很慢。";"2017-03-20";1
109;"上海";"Starbucks (漕河泾店)";121.396629;31.173246;"1.01 Mbps";"http://www.speedtest.net/my-result/5276464409";"27 元";False;"xavierchow";"位于漕河泾创新大厦底楼.楼上是星巴克总部.算是星巴克大本营了网速居然这么慢...";"2017-03-20";1
110;"上海";"MANGOSIX (静安寺店)";121.441052;31.226492;"20.16 Mbps";"www.speedtest.net/my-result/i/1639012202";"31 元";False;"z4rd";"晶品旁，久光对面，愚园路上，手机微信直接连，电脑要手机验证，一般般";"2017-03-20";1
111;"上海";"AUNN CAFE &CO";121.44046;31.224243;"5.76 Mbps";"http://www.speedtest.net/my-result/5305144009";"35 元";False;"z4rd";"位于黄金地段 不喜欢咖啡馆的布局 不过听说手冲咖啡不错 楼上精品店值得一逛";"2017-03-20";1
112;"上海";"Starbucks (虹桥火车站出发区店)";121.316548;31.195516;"2.91 Mbps";"http://www.speedtest.net/my-result/5482642377";"31 元";False;"xavierchow";"位于出发区北侧2楼.位置还是很多的.就是环境一般比较嘈杂";"2017-03-20";1
113;"上海";"Starbucks (静安门大厦店)";121.434352;31.239224;"2.91 Mbps";"http://www.speedtest.net/my-result/5514651758";"31 元";False;"xavierchow";"网速一般，上下有2层楼位置较多";"2017-03-20";1
114;"上海";"李小姐の猫咖啡馆";121.447;31.2347;"21.50 Mbps";"http://www.speedtest.net/my-result/i/1827538221";"38 元";False;"LilianYe";"猫咖啡馆，上下两层，有十多只可爱的猫咪，大概无法好好干活。";"2017-03-20";1
115;"上海";"Trident Coffee";121.486;31.2375;"22.44 Mbps";"http://www.speedtest.net/my-result/i/1836700422";"35 元";False;"LilianYe";"外滩边上一个很小的一个咖啡馆，只适合聊聊天什么的。";"2017-03-20";1
116;"上海";"Starbucks (新淮海坊店)";121.418;31.1984;"1.53 Mbps";"http://www.speedtest.net/my-result/i/1839446250";"31 元";True;"LilianYe";"离虹桥路地铁站最近的一个星巴克，只有一楼，午后来买咖啡会排队较久。";"2017-03-20";1
117;"上海";"Starbucks (越界店)";121.407;31.1713;"1.03 Mbps";"http://www.speedtest.net/my-result/i/1853980266";"31 元";True;"LilianYe";"网速依旧慢的感人，周末下午还蛮多人的。";"2017-03-20";1
118;"上海";"MANGOSIX (田林路店)";121.412;31.1741;"2.40 Mbps";"http://www.speedtest.net/my-result/i/1863749217";"31 元";False;"LilianYe";"手机上WIFI要通过微信连接，电脑要手机验证，网速较慢，空间比较宽敞，沙发位置有电源插座";"2017-03-20";1
119;"上海";"雕刻时光咖啡馆 (红坊店)";121.421;31.2009;"10.37 Mbps";"http://www.speedtest.net/my-result/i/1916507389";"30 元";False;"LilianYe";"空间很宽敞，有音乐，但不吵。靠墙位置有电源插座，食物一般。";"2017-03-20";1
120;"上海";"赞咖啡 Nice Cafe & Books";121.42;31.1996;"25.29 Mbps";"http://www.speedtest.net/my-result/i/1917732687";"30 元";True;"LilianYe";"空间宽敞，有两层，音乐舒缓。地上有挺多插排的，就是空调不热。";"2017-03-20";1
121;"上海";"Starbucks (宝乐汇店)";121.481;31.4015;"3.87 Mbps";"http://www.speedtest.net/my-result/i/1915277364";"36 元";False;"crispgm";"测速很一般，但实际访问速度还不错。插座有但非常少。";"2017-03-20";1
122;"上海";"流光漫影 gallery & coffee";121.44;31.2141;"0.90 Mbps";"http://www.speedtest.net/my-result/i/1925937915";"35 元";True;"LilianYe";"面积很小，很多艺术相关的书籍。靠墙有插座。可惜网速太慢。";"2017-03-20";1
123;"上海";"莫奈咖啡 Monet Cafe";121.446;31.215;"6.78 Mbps";"http://www.speedtest.net/my-result/i/1934316618";"48 元";True;"LilianYe";"只有几个位置，装修很欧式，更像家具店，隔壁是理发店。价位偏高。";"2017-03-20";1
124;"上海";"星巴克（中惠广场店）";121.604749;31.254968;"3.24 Mbps";"http://www.speedtest.net/my-result/6029494988";"26 元";False;"xavierchow";"位置比较偏的关系，晚上人真的很少，有电源. 21点打烊。";"2017-03-20";1
125;"上海";"PROTOSS";121.407;31.1712;"31.73 Mbps";"http://www.speedtest.net/my-result/i/1971600260";"23 元";True;"LilianYe";"新开的咖啡馆，空间非常宽敞，装修清新，插座还有usb口。";"2017-03-20";1
126;"深圳";"More Cafe";113.967813;22.538492;"10.75 Mbps";"http://www.speedtest.net/my-result/5241643963";"30-40 元";False;"RYOHOI";"世界之窗，深南大道边上。欧洲小镇园区内，小桥流水，侧耳倾听蛙鸣。桌子不多，是家别致的小店。有少量露天位子。";"2017-03-20";1
127;"深圳";"Starbucks 星巴克";114.105812;22.54467;"4.44 Mbps";"http://www.speedtest.net/my-result/5243762474";"30-40 元";False;"RYOHOI";"店内宽敞，位子充足，有大长木桌。室外可抽烟，夏天坐在人工喷泉边上时感凉风。上厕所很方便。硬伤：WiFi 太慢；解决方法：不用店内 WiFi，连 eluohu 都会更快。另：这一代星巴克特别多，方圆一公里内约十余家。";"2017-03-20";1
128;"深圳";"Starbucks 星巴克";113.926561;22.541052;"2.12 Mbps";"http://www.speedtest.cn/ip/218.18.171.*/AG_OVn6wQW99QAHmvstXDfVjO1wi4lSU";"30-40 元";False;"RYOHOI";"人流量少，厕所干净，位子充足。门外有小花园，绿化不错。在欢乐颂商场楼下，用餐方便。";"2017-03-20";1
129;"深圳";"GOOCOFFEE · 谷咖";113.923269;22.497709;"64.68 Mbps";"http://www.speedtest.cn/ip/183.37.178.*/h4Em462HVo3fN55FrxmV1Q";"20-30 元";False;"RYOHOI";"显而易见网速很快。因为周边都是写字楼，上班时间人并不多。位子不多，七八张小方桌。一整面书架零零散散地放了些书。位子都靠落地玻璃墙，采光很好。Last Word: 咖啡口味一般。";"2017-03-20";1
130;"深圳";"雕刻时光咖啡馆(华侨城店)";113.978214;22.54058;"6.03 Mbps";"http://www.speedtest.net/my-result/i/1798025047";"";False;"crispgm";"位于生态广场入口处，环境不错。Wi-Fi 密码同北京相同。";"2017-03-20";1
132;"深圳";"City Green Cafe 城市咖啡";114.015;22.5384;"9.79 Mbps";"http://www.speedtest.net/my-result/i/1799809299";"28 元（普通杯）";False;"crispgm";"开放式环境，座位大且舒服，所在的购物广场比较高级。";"2017-03-20";1
133;"深圳";"Nordic Cafe";113.985;22.528;"9.14 Mbps";"http://www.speedtest.net/my-result/i/1801263880";"32 元（小杯）";False;"crispgm";"北欧极简风，餐具似乎都是北欧品牌 iittala 的，店里面还有 iittala 的展区，不知道两者的具体关系。有少量电源。";"2017-03-20";1
134;"深圳";"Costa Coffee（海上世界广场店）";113.910865;22.485677;"2.88 Mbps";"http://www.speedtest.net/my-result/5775470173";"28 元";False;"bcho";"环境不错，但网络太慢了。大部分座位都有电源。";"2017-03-20";1
135;"深圳";"Starbucks 星巴克（创意文化园店）";113.989;22.5393;"0.96 Mbps";"http://www.speedtest.net/my-result/i/1953095663";"";False;"crispgm";"春节期间人也爆满，但自身容量很大。网速跑分数值不高，但还是可用的状态。";"2017-03-20";1
136;"深圳";"Starbucks 星巴克（侨城路店）";113.98;22.5387;"1.04 Mbps";"http://www.speedtest.net/my-result/i/1954508585";"";False;"crispgm";"网速慢但可用，环境不错，即使连室外都有插座。";"2017-03-20";1
137;"深圳";"漫咖啡（1979店）";114.026;22.5551;"5.28 Mbps";"http://www.speedtest.net/my-result/i/1957282075";"";False;"crispgm";"场地很大，一二楼环境昏暗，三楼比较亮；基本每个座位都有插座。";"2017-03-20";1
138;"武汉";"星巴克（光谷国际广场店）";114.392807;30.509323;"3.87 Mbps";"http://www.speedtest.net/my-result/5208990021";"27-45 元";False;"lvwzhen";"位置有点小，网速一般";"2017-03-20";1
139;"武汉";"wow cafe";114.402027;30.50457;"10.27 Mbps";"http://www.speedtest.net/my-result/52094459141";"12-45 元";False;"lvwzhen";"测试网速很快，实际速度不稳定";"2017-03-20";1
140;"北京";"星巴克（永旺店）";116.284;40.0948;"7.25 Mbps";"http://www.speedtest.net/my-result/i/2017642617";"";False;"xhacker";"地方不算太大，但也有少量位子。靠边有少量电源。";"2017-03-20";1
141;"北京";"古塘咖啡";116.355;39.9656;"4.92 Mbps";"http://www.speedtest.net/my-result/i/2015155052";"";False;"beta";"人少，比较安静，电源充足。";"2017-03-20";1
142;"北京";"星巴克（望京店）";116.482;40.001;"4.17 Mbps";"http://www.speedtest.net/my-result/a/2708941658";"";False;"beta";"人很多，比较吵闹，网速一般，没找到电源。";"2017-03-20";1
143;"北京";"魔山";116.35;39.962;"31.43 Mbps";"http://www.speedtest.net/my-result/a/2711924188";"";False;"beta";"店很小，很安静，网速很快，靠墙的桌子有插座，手冲咖啡和各种啤酒都很好喝，有 PS4 和 Nintendo Switch 可以玩。";"2017-03-20";1
144;"北京";"Costa Coffee（大兴绿地店）";116.328;39.7631;"9.64 Mbps";"http://www.speedtest.net/my-result/i/2019177863";"";False;"xhacker";"环境好、靠边有少量电源。网速测出来不错，实际奇慢。";"2017-03-20";1
145;"北京";"Costa Coffee（亦庄力宝华联店）";116.495;39.8033;"32.16 Mbps";"http://www.speedtest.net/my-result/i/2025917325";;False;"xhacker";"地方很大、人很少，周五晚上八点半加上我只有三个人。靠边有少量电源。";"2017-03-29";1
146;"北京";"星巴克（丰科路万达广场店）";116.291;39.8233;"3.77 Mbps";"http://www.speedtest.net/my-result/i/2027024693";;False;"xhacker";"地方非常大，电源也多。星巴克自己的网连不上，有一个 SSID 为 @ffan 的网可以用，网速也是用这个网测的。";"2017-03-29";1
147;"上海";"COSTA（上海盛邦国际店）";121.480138;31.25399;"1.22 Mbps";"http://beta.speedtest.net/result/6163466169";"34 元";False;"sinchang";"在盛邦国际大厦一楼，四川北路地铁旁，下午人不多。";"2017-03-29";1
148;"杭州";"漫咖啡(北城天地工厂概念店)";120.123;30.321;"24.6 Mbps";"http://www.speedtest.net/my-result/d/4292792";"25 - 50 元";False;"leeiio";"工厂风格，咖啡还行，比较安静因为这边本来就没有什么人，旁边就是超市和电影院";"2017-03-31";1
